{
  "last_updated": "2026-01-26T14:23:13.106022",
  "kpis": {
    "raw": {
      "total_revenue": 2314860.53,
      "total_orders": 1493,
      "total_records": 6185,
      "unique_records": 6185
    },
    "cleaned": {
      "total_revenue": 63594184.99,
      "total_orders": 1493,
      "total_records": 6185,
      "unique_records": 6185
    },
    "deduplication_efficiency": {
      "raw_records": 6185,
      "dedup_records": 6185,
      "efficiency_pct": 0.0,
      "duplicates_removed": 0
    },
    "comparison": {
      "revenue_delta": -61279324.46,
      "duplicate_count": 0
    }
  },
  "daily_revenue": {
    "raw": [
      {
        "date": "2026-01-25",
        "revenue": 347847.83
      },
      {
        "date": "2026-01-26",
        "revenue": 1640709.06
      },
      {
        "date": "2026-01-27",
        "revenue": 326303.64
      }
    ],
    "cleaned": [
      {
        "date": "2026-01-25",
        "revenue": 9799916.01
      },
      {
        "date": "2026-01-26",
        "revenue": 44997275.94
      },
      {
        "date": "2026-01-27",
        "revenue": 8796993.04
      }
    ]
  },
  "category_split": [
    {
      "category": "Electronics",
      "revenue": 2314860.53
    }
  ],
  "deduplication_logic": "WITH deduplicated_events AS (\n    SELECT \n        (data->>'event_id')::varchar AS event_id,\n        (data->>'event_type')::varchar AS event_type,\n        (data->>'timestamp')::timestamp AS timestamp,\n        data,\n        ROW_NUMBER() OVER (\n            PARTITION BY (data->>'event_id') \n            ORDER BY (data->>'timestamp')::timestamp DESC, \n                     CASE WHEN (data->>'event_type') = 'order_cancelled' THEN 1 ELSE 2 END\n        ) AS rn\n    FROM {{ source('raw_source', 'events_stream') }}\n)\nSELECT * FROM deduplicated_events WHERE rn = 1"
}