{
  "batch_metadata": {
    "extracted_at": "2026-02-02T01:32:26.893623+00:00",
    "change_count": 3,
    "watermark": "2026-02-02T01:31:05.228296"
  },
  "changes": [
    {
      "id": 5,
      "customer_id": 5,
      "product_id": 105,
      "quantity": 3,
      "unit_price": "39.99",
      "total_amount": "119.97",
      "order_status": "completed",
      "order_date": "2026-02-02 01:29:24.149270",
      "last_updated": "2026-02-02 01:31:54.655997",
      "created_at": "2026-02-02 01:29:24.149270",
      "operation_type": "UPDATE",
      "cdc_timestamp": "2026-02-02T01:32:26.892179+00:00",
      "extracted_at": "2026-02-02T01:32:26.893009+00:00"
    },
    {
      "id": 1,
      "customer_id": 1,
      "product_id": 101,
      "quantity": 4,
      "unit_price": "29.99",
      "total_amount": "119.96",
      "order_status": "completed",
      "order_date": "2026-02-02 01:29:24.149270",
      "last_updated": "2026-02-02 01:32:19.400312",
      "created_at": "2026-02-02 01:29:24.149270",
      "operation_type": "UPDATE",
      "cdc_timestamp": "2026-02-02T01:32:26.893023+00:00",
      "extracted_at": "2026-02-02T01:32:26.893025+00:00"
    },
    {
      "id": 2,
      "customer_id": 2,
      "product_id": 102,
      "quantity": 3,
      "unit_price": "49.99",
      "total_amount": "149.97",
      "order_status": "completed",
      "order_date": "2026-02-02 01:29:24.149270",
      "last_updated": "2026-02-02 01:32:26.736376",
      "created_at": "2026-02-02 01:29:24.149270",
      "operation_type": "UPDATE",
      "cdc_timestamp": "2026-02-02T01:32:26.893028+00:00",
      "extracted_at": "2026-02-02T01:32:26.893030+00:00"
    }
  ]
}