{
  "batch_metadata": {
    "extracted_at": "2026-02-02T01:31:05.373313+00:00",
    "change_count": 5,
    "watermark": "2026-02-02T01:26:05.373328+00:00"
  },
  "changes": [
    {
      "id": 5,
      "customer_id": 5,
      "product_id": 105,
      "quantity": 2,
      "unit_price": "39.99",
      "total_amount": "79.98",
      "order_status": "pending",
      "order_date": "2026-02-02 01:29:24.149270",
      "last_updated": "2026-02-02 01:29:24.149270",
      "created_at": "2026-02-02 01:29:24.149270",
      "operation_type": "INSERT",
      "cdc_timestamp": "2026-02-02T01:31:05.372975+00:00",
      "extracted_at": "2026-02-02T01:31:05.372983+00:00"
    },
    {
      "id": 1,
      "customer_id": 1,
      "product_id": 101,
      "quantity": 3,
      "unit_price": "29.99",
      "total_amount": "89.97",
      "order_status": "completed",
      "order_date": "2026-02-02 01:29:24.149270",
      "last_updated": "2026-02-02 01:29:36.363184",
      "created_at": "2026-02-02 01:29:24.149270",
      "operation_type": "INSERT",
      "cdc_timestamp": "2026-02-02T01:31:05.372989+00:00",
      "extracted_at": "2026-02-02T01:31:05.372990+00:00"
    },
    {
      "id": 2,
      "customer_id": 2,
      "product_id": 102,
      "quantity": 2,
      "unit_price": "49.99",
      "total_amount": "99.98",
      "order_status": "completed",
      "order_date": "2026-02-02 01:29:24.149270",
      "last_updated": "2026-02-02 01:30:12.962994",
      "created_at": "2026-02-02 01:29:24.149270",
      "operation_type": "INSERT",
      "cdc_timestamp": "2026-02-02T01:31:05.372993+00:00",
      "extracted_at": "2026-02-02T01:31:05.372995+00:00"
    },
    {
      "id": 3,
      "customer_id": 3,
      "product_id": 103,
      "quantity": 4,
      "unit_price": "15.99",
      "total_amount": "63.96",
      "order_status": "completed",
      "order_date": "2026-02-02 01:29:24.149270",
      "last_updated": "2026-02-02 01:30:53.236000",
      "created_at": "2026-02-02 01:29:24.149270",
      "operation_type": "INSERT",
      "cdc_timestamp": "2026-02-02T01:31:05.372997+00:00",
      "extracted_at": "2026-02-02T01:31:05.372998+00:00"
    },
    {
      "id": 4,
      "customer_id": 4,
      "product_id": 104,
      "quantity": 2,
      "unit_price": "199.99",
      "total_amount": "399.98",
      "order_status": "completed",
      "order_date": "2026-02-02 01:29:24.149270",
      "last_updated": "2026-02-02 01:31:05.228296",
      "created_at": "2026-02-02 01:29:24.149270",
      "operation_type": "INSERT",
      "cdc_timestamp": "2026-02-02T01:31:05.373000+00:00",
      "extracted_at": "2026-02-02T01:31:05.373002+00:00"
    }
  ]
}